Country,ImageURL
Singapore,https://hatscripts.github.io/circle-flags/flags/sg.svg
Indonesia,https://hatscripts.github.io/circle-flags/flags/id.svg
Thailand,https://hatscripts.github.io/circle-flags/flags/th.svg
China,https://hatscripts.github.io/circle-flags/flags/cn.svg
Brunei,https://hatscripts.github.io/circle-flags/flags/bn.svg
India,https://hatscripts.github.io/circle-flags/flags/in.svg
South Korea,https://hatscripts.github.io/circle-flags/flags/kr.svg
Vietnam,https://hatscripts.github.io/circle-flags/flags/vn.svg
Australia,https://hatscripts.github.io/circle-flags/flags/au.svg
Philippines,https://hatscripts.github.io/circle-flags/flags/ph.svg
,
,
,
,
,
,
,
,
,
,
,
,
,
,
,
,
,
,
,
,
